{"total_predictions": 186, "total_fraud_detected": 105, "total_errors": 0, "prediction_latencies": [0.00684356689453125, 0.005488157272338867, 0.0031118392944335938, 0.003208160400390625, 0.0048370361328125, 0.0034465789794921875, 0.002941608428955078, 0.0028276443481445312, 0.003472566604614258, 0.0026502609252929688, 0.0028226375579833984, 0.0050432682037353516, 0.0031991004943847656, 0.0034580230712890625, 0.006338596343994141, 0.004621028900146484, 0.002458810806274414, 0.0035271644592285156, 0.004786014556884766, 0.0049021244049072266, 0.0043256282806396484, 0.003423452377319336, 0.004591941833496094, 0.004523515701293945, 0.007381916046142578, 0.0042765140533447266, 0.004552602767944336, 0.0027856826782226562, 0.003204345703125, 0.003651142120361328, 0.0053446292877197266, 0.004549741744995117, 0.003955364227294922, 0.004668235778808594, 0.003928661346435547, 0.005581855773925781, 0.0025374889373779297, 0.0021991729736328125, 0.0024399757385253906, 0.002578258514404297, 0.0021920204162597656, 0.002794504165649414, 0.002614259719848633, 0.0024335384368896484, 0.002195596694946289, 0.0021674633026123047, 0.0031354427337646484, 0.0027692317962646484, 0.003605365753173828, 0.0033562183380126953, 0.002531290054321289, 0.002926349639892578, 0.0023660659790039062, 0.002800464630126953, 0.002660036087036133, 0.002473115921020508, 0.002378702163696289, 0.002945423126220703, 0.0021359920501708984, 0.005017518997192383, 0.0024318695068359375, 0.0029311180114746094, 0.0030786991119384766, 0.0021898746490478516, 0.002794027328491211, 0.0031392574310302734, 0.00482177734375, 0.0033490657806396484, 0.002778768539428711, 0.0022766590118408203, 0.003930568695068359, 0.005093097686767578, 0.004336357116699219, 0.003151416778564453, 0.002196788787841797, 0.0036787986755371094, 0.003268718719482422, 0.003552675247192383, 0.002279043197631836, 0.002157449722290039, 0.002759218215942383, 0.0030782222747802734, 0.002360105514526367, 0.0025856494903564453, 0.0038666725158691406, 0.0023107528686523438, 0.004499673843383789, 0.0024771690368652344, 0.002355813980102539, 0.0034847259521484375, 0.0027310848236083984, 0.0030825138092041016, 0.002438783645629883, 0.0029363632202148438, 0.005379676818847656, 0.0025327205657958984, 0.00482177734375, 0.004186391830444336, 0.0035753250122070312, 0.0036728382110595703, 0.0030176639556884766, 0.0025267601013183594, 0.004419803619384766, 0.003087282180786133, 0.0025930404663085938, 0.0037004947662353516, 0.005002021789550781, 0.004708528518676758, 0.004903078079223633, 0.002358675003051758, 0.0029404163360595703, 0.002685070037841797, 0.0022771358489990234, 0.002743244171142578, 0.0029091835021972656, 0.0041294097900390625, 0.003116607666015625, 0.0036809444427490234, 0.004026889801025391, 0.0031545162200927734, 0.002955913543701172, 0.004152774810791016, 0.002397775650024414, 0.0031545162200927734, 0.005350828170776367, 0.0025336742401123047, 0.00474858283996582, 0.00390934944152832, 0.0023050308227539062, 0.003182649612426758, 0.0036096572875976562, 0.0022895336151123047, 0.003996133804321289, 0.005134105682373047, 0.003728628158569336, 0.0029916763305664062, 0.002537965774536133, 0.002399921417236328, 0.003028392791748047, 0.002980947494506836, 0.0022287368774414062, 0.002816915512084961, 0.0022728443145751953, 0.0025742053985595703, 0.002198934555053711, 0.003118753433227539, 0.0041599273681640625, 0.002258777618408203, 0.0038144588470458984, 0.003402233123779297, 0.0022971630096435547, 0.0021638870239257812, 0.002529621124267578, 0.003324270248413086, 0.002328634262084961, 0.0024428367614746094, 0.0040738582611083984, 0.002576589584350586, 0.002384185791015625, 0.0021333694458007812, 0.0034422874450683594, 0.002386808395385742, 0.002176523208618164, 0.002147674560546875, 0.0029006004333496094, 0.0028803348541259766, 0.005314350128173828, 0.0035932064056396484, 0.0027756690979003906, 0.003616809844970703, 0.0029370784759521484, 0.0030679702758789062, 0.0025396347045898438, 0.003182649612426758, 0.0030438899993896484, 0.002468109130859375, 0.004407167434692383, 0.0024847984313964844, 0.002982616424560547, 0.004212617874145508, 0.002452373504638672, 0.002351999282836914, 0.00380706787109375, 0.004278659820556641, 0.0024116039276123047, 0.0029604434967041016], "last_confidence_score": 0.9998974800109863, "transaction_amounts": [299.53, 239.41, 206.2, 207.89, 517.25, 11.46, 11.08, 1369.88, 289.27, 5180.22, 68.25, 46.59, 1400.32, 1550.45, 21.56, 20.47, 1239.75, 70.51, 462.73, 168.47, 102.6, 706.5, 59.99, 157.79, 29.28, 86.85, 433.75, 387.59, 54.7, 229.46, 31.69, 366.55, 47.05, 9999.99, 5000.0, 8500.5, 9999.99, 9999.99, 9999.99, 9999.99, 9999.99, 9999.99, 9999.99, 9999.99, 9999.99, 9999.99, 9999.99, 9999.99, 9999.99, 9999.99, 9999.99, 9999.99, 9999.99, 9999.99, 9999.99, 9999.99, 9999.99, 9999.99, 9999.99, 9999.99, 9999.99, 9999.99, 9999.99, 9999.99, 9999.99, 9999.99, 9999.99, 9999.99, 9999.99, 9999.99, 9999.99, 9999.99, 9999.99, 9999.99, 9999.99, 9999.99, 9999.99, 9999.99, 9999.99, 9999.99, 9999.99, 9999.99, 9999.99, 9999.99, 9999.99, 9999.99, 9999.99, 9999.99, 9999.99, 9999.99, 9999.99, 9999.99, 9999.99, 9999.99, 9999.99, 9999.99, 9999.99, 9999.99, 9999.99, 9999.99, 9999.99, 9999.99, 9999.99, 9999.99, 9999.99, 9999.99, 9999.99, 9999.99, 9999.99, 9999.99, 9999.99, 9999.99, 9999.99, 9999.99, 9999.99, 9999.99, 9999.99, 9999.99, 9999.99, 9999.99, 9999.99, 9999.99, 9999.99, 9999.99, 9999.99, 9999.99, 9999.99, 9999.99, 9999.99, 9999.99, 9999.99, 9999.99, 9999.99, 9999.99, 9999.99, 9999.99, 50.0, 50.0, 50.0, 50.0, 50.0, 50.0, 50.0, 50.0, 50.0, 50.0, 50.0, 50.0, 50.0, 50.0, 50.0, 50.0, 50.0, 50.0, 50.0, 50.0, 50.0, 50.0, 50.0, 50.0, 50.0, 50.0, 50.0, 50.0, 50.0, 50.0, 50.0, 50.0, 50.0, 50.0, 50.0, 50.0, 50.0, 50.0, 50.0, 50.0, 50.0, 50.0, 50.0, 50.0, 50.0, 50.0, 50.0, 50.0, 50.0, 50.0], "active_users": 1, "startup_time": 1766478602.808176}